map_seed,class_id,recall,recall_nominal,excess
11,0,0.84,0.91,0.07
11,1,0.87,0.86,-0.01
11,2,0.73,0.78,0.05
11,3,0.62,0.55,-0.07
11,4,0.47,0.61,0.14
11,5,0.82,0.85,0.03
11,6,0.68,0.76,0.08
11,7,0.74,0.76,0.02
11,8,0.89,0.89,0.0
11,9,0.85,0.8,-0.05
11,10,0.36,0.51,0.15
11,11,0.55,0.44,-0.11
11,12,0.83,0.85,0.02
11,13,0.57,0.63,0.06
11,14,0.76,0.76,0.0
11,15,0.8,0.8,0.0
11,16,0.83,0.82,-0.01
11,17,0.85,0.86,0.01
11,18,0.65,0.69,0.04
11,19,0.66,0.69,0.03
11,20,0.87,0.83,-0.04
11,21,0.63,0.8,0.17
11,22,0.79,0.73,-0.06
11,23,0.69,0.78,0.09
11,24,0.75,0.83,0.08
11,25,0.53,0.62,0.09
11,26,0.53,0.67,0.14
11,27,0.23,0.52,0.29
11,28,0.73,0.79,0.06
11,29,0.6,0.68,0.08
11,30,0.55,0.63,0.08
11,31,0.69,0.76,0.07
11,32,0.55,0.6,0.05
11,33,0.57,0.62,0.05
11,34,0.71,0.68,-0.03
11,35,0.47,0.42,-0.05
11,36,0.66,0.73,0.07
11,37,0.76,0.78,0.02
11,38,0.61,0.74,0.13
11,39,0.87,0.84,-0.03
11,40,0.72,0.69,-0.03
11,41,0.49,0.77,0.28
11,42,0.71,0.79,0.08
11,43,0.7,0.77,0.07
11,44,0.32,0.43,0.11
11,45,0.49,0.59,0.1
11,46,0.55,0.6,0.05
11,47,0.68,0.7,0.02
11,48,0.88,0.88,0.0
11,49,0.74,0.8,0.06
11,50,0.45,0.54,0.09
11,51,0.64,0.63,-0.01
11,52,0.43,0.62,0.19
11,53,0.95,0.95,0.0
11,54,0.77,0.82,0.05
11,55,0.32,0.41,0.09
11,56,0.85,0.86,0.01
11,57,0.75,0.75,0.0
11,58,0.85,0.85,0.0
11,59,0.57,0.71,0.14
11,60,0.86,0.88,0.02
11,61,0.64,0.72,0.08
11,62,0.74,0.79,0.05
11,63,0.54,0.68,0.14
11,64,0.52,0.54,0.02
11,65,0.57,0.66,0.09
11,66,0.66,0.78,0.12
11,67,0.44,0.62,0.18
11,68,0.81,0.93,0.12
11,69,0.75,0.79,0.04
11,70,0.62,0.71,0.09
11,71,0.74,0.87,0.13
11,72,0.46,0.53,0.07
11,73,0.51,0.57,0.06
11,74,0.43,0.58,0.15
11,75,0.73,0.87,0.14
11,76,0.92,0.89,-0.03
11,77,0.68,0.76,0.08
11,78,0.6,0.62,0.02
11,79,0.74,0.88,0.14
11,80,0.41,0.57,0.16
11,81,0.87,0.81,-0.06
11,82,0.91,0.91,0.0
11,83,0.55,0.51,-0.04
11,84,0.6,0.62,0.02
11,85,0.77,0.87,0.1
11,86,0.65,0.71,0.06
11,87,0.86,0.8,-0.06
11,88,0.69,0.78,0.09
11,89,0.93,0.93,0.0
11,90,0.7,0.83,0.13
11,91,0.59,0.72,0.13
11,92,0.72,0.58,-0.14
11,93,0.52,0.57,0.05
11,94,0.92,0.93,0.01
11,95,0.71,0.74,0.03
11,96,0.47,0.57,0.1
11,97,0.7,0.75,0.05
11,98,0.34,0.38,0.04
11,99,0.69,0.77,0.08
22,0,0.86,0.91,0.05
22,1,0.84,0.86,0.02
22,2,0.73,0.78,0.05
22,3,0.54,0.55,0.01
22,4,0.61,0.61,0.0
22,5,0.79,0.85,0.06
22,6,0.72,0.76,0.04
22,7,0.74,0.76,0.02
22,8,0.89,0.89,0.0
22,9,0.77,0.8,0.03
22,10,0.44,0.51,0.07
22,11,0.51,0.44,-0.07
22,12,0.85,0.85,0.0
22,13,0.65,0.63,-0.02
22,14,0.76,0.76,0.0
22,15,0.84,0.8,-0.04
22,16,0.76,0.82,0.06
22,17,0.86,0.86,0.0
22,18,0.66,0.69,0.03
22,19,0.63,0.69,0.06
22,20,0.82,0.83,0.01
22,21,0.72,0.8,0.08
22,22,0.8,0.73,-0.07
22,23,0.73,0.78,0.05
22,24,0.8,0.83,0.03
22,25,0.67,0.62,-0.05
22,26,0.66,0.67,0.01
22,27,0.43,0.52,0.09
22,28,0.74,0.79,0.05
22,29,0.62,0.68,0.06
22,30,0.57,0.63,0.06
22,31,0.76,0.76,0.0
22,32,0.57,0.6,0.03
22,33,0.67,0.62,-0.05
22,34,0.68,0.68,0.0
22,35,0.48,0.42,-0.06
22,36,0.69,0.73,0.04
22,37,0.75,0.78,0.03
22,38,0.67,0.74,0.07
22,39,0.83,0.84,0.01
22,40,0.67,0.69,0.02
22,41,0.67,0.77,0.1
22,42,0.79,0.79,0.0
22,43,0.75,0.77,0.02
22,44,0.41,0.43,0.02
22,45,0.52,0.59,0.07
22,46,0.66,0.6,-0.06
22,47,0.67,0.7,0.03
22,48,0.9,0.88,-0.02
22,49,0.85,0.8,-0.05
22,50,0.49,0.54,0.05
22,51,0.63,0.63,0.0
22,52,0.59,0.62,0.03
22,53,0.93,0.95,0.02
22,54,0.82,0.82,0.0
22,55,0.42,0.41,-0.01
22,56,0.89,0.86,-0.03
22,57,0.77,0.75,-0.02
22,58,0.85,0.85,0.0
22,59,0.66,0.71,0.05
22,60,0.83,0.88,0.05
22,61,0.69,0.72,0.03
22,62,0.69,0.79,0.1
22,63,0.59,0.68,0.09
22,64,0.5,0.54,0.04
22,65,0.61,0.66,0.05
22,66,0.78,0.78,0.0
22,67,0.57,0.62,0.05
22,68,0.87,0.93,0.06
22,69,0.75,0.79,0.04
22,70,0.68,0.71,0.03
22,71,0.85,0.87,0.02
22,72,0.49,0.53,0.04
22,73,0.62,0.57,-0.05
22,74,0.53,0.58,0.05
22,75,0.83,0.87,0.04
22,76,0.91,0.89,-0.02
22,77,0.7,0.76,0.06
22,78,0.65,0.62,-0.03
22,79,0.88,0.88,0.0
22,80,0.48,0.57,0.09
22,81,0.84,0.81,-0.03
22,82,0.89,0.91,0.02
22,83,0.59,0.51,-0.08
22,84,0.6,0.62,0.02
22,85,0.87,0.87,0.0
22,86,0.71,0.71,0.0
22,87,0.79,0.8,0.01
22,88,0.77,0.78,0.01
22,89,0.94,0.93,-0.01
22,90,0.79,0.83,0.04
22,91,0.69,0.72,0.03
22,92,0.73,0.58,-0.15
22,93,0.52,0.57,0.05
22,94,0.93,0.93,0.0
22,95,0.73,0.74,0.01
22,96,0.46,0.57,0.11
22,97,0.74,0.75,0.01
22,98,0.3,0.38,0.08
22,99,0.68,0.77,0.09
33,0,0.9,0.91,0.01
33,1,0.82,0.86,0.04
33,2,0.8,0.78,-0.02
33,3,0.54,0.55,0.01
33,4,0.64,0.61,-0.03
33,5,0.82,0.85,0.03
33,6,0.76,0.76,0.0
33,7,0.71,0.76,0.05
33,8,0.86,0.89,0.03
33,9,0.8,0.8,0.0
33,10,0.53,0.51,-0.02
33,11,0.4,0.44,0.04
33,12,0.79,0.85,0.06
33,13,0.64,0.63,-0.01
33,14,0.73,0.76,0.03
33,15,0.75,0.8,0.05
33,16,0.81,0.82,0.01
33,17,0.88,0.86,-0.02
33,18,0.67,0.69,0.02
33,19,0.74,0.69,-0.05
33,20,0.78,0.83,0.05
33,21,0.78,0.8,0.02
33,22,0.69,0.73,0.04
33,23,0.76,0.78,0.02
33,24,0.81,0.83,0.02
33,25,0.57,0.62,0.05
33,26,0.62,0.67,0.05
33,27,0.39,0.52,0.13
33,28,0.78,0.79,0.01
33,29,0.66,0.68,0.02
33,30,0.58,0.63,0.05
33,31,0.67,0.76,0.09
33,32,0.69,0.6,-0.09
33,33,0.62,0.62,0.0
33,34,0.67,0.68,0.01
33,35,0.36,0.42,0.06
33,36,0.68,0.73,0.05
33,37,0.76,0.78,0.02
33,38,0.7,0.74,0.04
33,39,0.86,0.84,-0.02
33,40,0.65,0.69,0.04
33,41,0.67,0.77,0.1
33,42,0.81,0.79,-0.02
33,43,0.65,0.77,0.12
33,44,0.39,0.43,0.04
33,45,0.59,0.59,0.0
33,46,0.61,0.6,-0.01
33,47,0.67,0.7,0.03
33,48,0.92,0.88,-0.04
33,49,0.81,0.8,-0.01
33,50,0.5,0.54,0.04
33,51,0.66,0.63,-0.03
33,52,0.57,0.62,0.05
33,53,0.92,0.95,0.03
33,54,0.8,0.82,0.02
33,55,0.39,0.41,0.02
33,56,0.86,0.86,0.0
33,57,0.77,0.75,-0.02
33,58,0.78,0.85,0.07
33,59,0.74,0.71,-0.03
33,60,0.87,0.88,0.01
33,61,0.72,0.72,0.0
33,62,0.77,0.79,0.02
33,63,0.71,0.68,-0.03
33,64,0.53,0.54,0.01
33,65,0.55,0.66,0.11
33,66,0.81,0.78,-0.03
33,67,0.6,0.62,0.02
33,68,0.91,0.93,0.02
33,69,0.79,0.79,0.0
33,70,0.74,0.71,-0.03
33,71,0.81,0.87,0.06
33,72,0.52,0.53,0.01
33,73,0.56,0.57,0.01
33,74,0.59,0.58,-0.01
33,75,0.82,0.87,0.05
33,76,0.86,0.89,0.03
33,77,0.73,0.76,0.03
33,78,0.64,0.62,-0.02
33,79,0.84,0.88,0.04
33,80,0.59,0.57,-0.02
33,81,0.91,0.81,-0.1
33,82,0.93,0.91,-0.02
33,83,0.38,0.51,0.13
33,84,0.56,0.62,0.06
33,85,0.82,0.87,0.05
33,86,0.7,0.71,0.01
33,87,0.81,0.8,-0.01
33,88,0.77,0.78,0.01
33,89,0.92,0.93,0.01
33,90,0.77,0.83,0.06
33,91,0.76,0.72,-0.04
33,92,0.49,0.58,0.09
33,93,0.6,0.57,-0.03
33,94,0.9,0.93,0.03
33,95,0.77,0.74,-0.03
33,96,0.6,0.57,-0.03
33,97,0.75,0.75,0.0
33,98,0.37,0.38,0.01
33,99,0.72,0.77,0.05
44,0,0.88,0.91,0.03
44,1,0.86,0.86,0.0
44,2,0.81,0.78,-0.03
44,3,0.52,0.55,0.03
44,4,0.6,0.61,0.01
44,5,0.83,0.85,0.02
44,6,0.71,0.76,0.05
44,7,0.66,0.76,0.1
44,8,0.86,0.89,0.03
44,9,0.85,0.8,-0.05
44,10,0.44,0.51,0.07
44,11,0.45,0.44,-0.01
44,12,0.8,0.85,0.05
44,13,0.54,0.63,0.09
44,14,0.74,0.76,0.02
44,15,0.74,0.8,0.06
44,16,0.75,0.82,0.07
44,17,0.87,0.86,-0.01
44,18,0.65,0.69,0.04
44,19,0.71,0.69,-0.02
44,20,0.83,0.83,0.0
44,21,0.79,0.8,0.01
44,22,0.72,0.73,0.01
44,23,0.74,0.78,0.04
44,24,0.81,0.83,0.02
44,25,0.65,0.62,-0.03
44,26,0.63,0.67,0.04
44,27,0.44,0.52,0.08
44,28,0.78,0.79,0.01
44,29,0.64,0.68,0.04
44,30,0.63,0.63,0.0
44,31,0.75,0.76,0.01
44,32,0.6,0.6,0.0
44,33,0.64,0.62,-0.02
44,34,0.65,0.68,0.03
44,35,0.37,0.42,0.05
44,36,0.64,0.73,0.09
44,37,0.78,0.78,0.0
44,38,0.71,0.74,0.03
44,39,0.85,0.84,-0.01
44,40,0.65,0.69,0.04
44,41,0.63,0.77,0.14
44,42,0.71,0.79,0.08
44,43,0.68,0.77,0.09
44,44,0.46,0.43,-0.03
44,45,0.61,0.59,-0.02
44,46,0.57,0.6,0.03
44,47,0.67,0.7,0.03
44,48,0.81,0.88,0.07
44,49,0.76,0.8,0.04
44,50,0.63,0.54,-0.09
44,51,0.69,0.63,-0.06
44,52,0.52,0.62,0.1
44,53,0.91,0.95,0.04
44,54,0.82,0.82,0.0
44,55,0.4,0.41,0.01
44,56,0.85,0.86,0.01
44,57,0.74,0.75,0.01
44,58,0.82,0.85,0.03
44,59,0.65,0.71,0.06
44,60,0.89,0.88,-0.01
44,61,0.64,0.72,0.08
44,62,0.7,0.79,0.09
44,63,0.7,0.68,-0.02
44,64,0.51,0.54,0.03
44,65,0.63,0.66,0.03
44,66,0.77,0.78,0.01
44,67,0.61,0.62,0.01
44,68,0.87,0.93,0.06
44,69,0.77,0.79,0.02
44,70,0.67,0.71,0.04
44,71,0.79,0.87,0.08
44,72,0.42,0.53,0.11
44,73,0.63,0.57,-0.06
44,74,0.53,0.58,0.05
44,75,0.86,0.87,0.01
44,76,0.9,0.89,-0.01
44,77,0.76,0.76,0.0
44,78,0.59,0.62,0.03
44,79,0.85,0.88,0.03
44,80,0.54,0.57,0.03
44,81,0.85,0.81,-0.04
44,82,0.94,0.91,-0.03
44,83,0.45,0.51,0.06
44,84,0.63,0.62,-0.01
44,85,0.86,0.87,0.01
44,86,0.7,0.71,0.01
44,87,0.8,0.8,0.0
44,88,0.74,0.78,0.04
44,89,0.96,0.93,-0.03
44,90,0.76,0.83,0.07
44,91,0.71,0.72,0.01
44,92,0.62,0.58,-0.04
44,93,0.54,0.57,0.03
44,94,0.93,0.93,0.0
44,95,0.7,0.74,0.04
44,96,0.63,0.57,-0.06
44,97,0.74,0.75,0.01
44,98,0.42,0.38,-0.04
44,99,0.79,0.77,-0.02
55,0,0.85,0.91,0.06
55,1,0.84,0.86,0.02
55,2,0.74,0.78,0.04
55,3,0.47,0.55,0.08
55,4,0.68,0.61,-0.07
55,5,0.82,0.85,0.03
55,6,0.71,0.76,0.05
55,7,0.7,0.76,0.06
55,8,0.83,0.89,0.06
55,9,0.77,0.8,0.03
55,10,0.47,0.51,0.04
55,11,0.39,0.44,0.05
55,12,0.8,0.85,0.05
55,13,0.6,0.63,0.03
55,14,0.61,0.76,0.15
55,15,0.7,0.8,0.1
55,16,0.75,0.82,0.07
55,17,0.81,0.86,0.05
55,18,0.65,0.69,0.04
55,19,0.59,0.69,0.1
55,20,0.82,0.83,0.01
55,21,0.8,0.8,0.0
55,22,0.64,0.73,0.09
55,23,0.8,0.78,-0.02
55,24,0.77,0.83,0.06
55,25,0.59,0.62,0.03
55,26,0.56,0.67,0.11
55,27,0.51,0.52,0.01
55,28,0.74,0.79,0.05
55,29,0.6,0.68,0.08
55,30,0.6,0.63,0.03
55,31,0.76,0.76,0.0
55,32,0.68,0.6,-0.08
55,33,0.77,0.62,-0.15
55,34,0.61,0.68,0.07
55,35,0.4,0.42,0.02
55,36,0.66,0.73,0.07
55,37,0.72,0.78,0.06
55,38,0.65,0.74,0.09
55,39,0.83,0.84,0.01
55,40,0.61,0.69,0.08
55,41,0.41,0.77,0.36
55,42,0.64,0.79,0.15
55,43,0.67,0.77,0.1
55,44,0.27,0.43,0.16
55,45,0.58,0.59,0.01
55,46,0.68,0.6,-0.08
55,47,0.7,0.7,0.0
55,48,0.9,0.88,-0.02
55,49,0.81,0.8,-0.01
55,50,0.45,0.54,0.09
55,51,0.66,0.63,-0.03
55,52,0.61,0.62,0.01
55,53,0.92,0.95,0.03
55,54,0.79,0.82,0.03
55,55,0.46,0.41,-0.05
55,56,0.84,0.86,0.02
55,57,0.74,0.75,0.01
55,58,0.8,0.85,0.05
55,59,0.59,0.71,0.12
55,60,0.9,0.88,-0.02
55,61,0.76,0.72,-0.04
55,62,0.71,0.79,0.08
55,63,0.64,0.68,0.04
55,64,0.35,0.54,0.19
55,65,0.59,0.66,0.07
55,66,0.72,0.78,0.06
55,67,0.6,0.62,0.02
55,68,0.96,0.93,-0.03
55,69,0.79,0.79,0.0
55,70,0.71,0.71,0.0
55,71,0.81,0.87,0.06
55,72,0.57,0.53,-0.04
55,73,0.58,0.57,-0.01
55,74,0.52,0.58,0.06
55,75,0.78,0.87,0.09
55,76,0.9,0.89,-0.01
55,77,0.77,0.76,-0.01
55,78,0.62,0.62,0.0
55,79,0.87,0.88,0.01
55,80,0.57,0.57,0.0
55,81,0.76,0.81,0.05
55,82,0.89,0.91,0.02
55,83,0.47,0.51,0.04
55,84,0.62,0.62,0.0
55,85,0.87,0.87,0.0
55,86,0.62,0.71,0.09
55,87,0.75,0.8,0.05
55,88,0.71,0.78,0.07
55,89,0.85,0.93,0.08
55,90,0.85,0.83,-0.02
55,91,0.65,0.72,0.07
55,92,0.54,0.58,0.04
55,93,0.54,0.57,0.03
55,94,0.94,0.93,-0.01
55,95,0.74,0.74,0.0
55,96,0.51,0.57,0.06
55,97,0.71,0.75,0.04
55,98,0.33,0.38,0.05
55,99,0.67,0.77,0.1
66,0,0.8,0.91,0.11
66,1,0.87,0.86,-0.01
66,2,0.78,0.78,0.0
66,3,0.56,0.55,-0.01
66,4,0.39,0.61,0.22
66,5,0.79,0.85,0.06
66,6,0.76,0.76,0.0
66,7,0.66,0.76,0.1
66,8,0.86,0.89,0.03
66,9,0.77,0.8,0.03
66,10,0.5,0.51,0.01
66,11,0.49,0.44,-0.05
66,12,0.83,0.85,0.02
66,13,0.56,0.63,0.07
66,14,0.78,0.76,-0.02
66,15,0.73,0.8,0.07
66,16,0.78,0.82,0.04
66,17,0.78,0.86,0.08
66,18,0.64,0.69,0.05
66,19,0.64,0.69,0.05
66,20,0.88,0.83,-0.05
66,21,0.58,0.8,0.22
66,22,0.76,0.73,-0.03
66,23,0.65,0.78,0.13
66,24,0.62,0.83,0.21
66,25,0.54,0.62,0.08
66,26,0.62,0.67,0.05
66,27,0.26,0.52,0.26
66,28,0.64,0.79,0.15
66,29,0.5,0.68,0.18
66,30,0.57,0.63,0.06
66,31,0.66,0.76,0.1
66,32,0.54,0.6,0.06
66,33,0.47,0.62,0.15
66,34,0.73,0.68,-0.05
66,35,0.48,0.42,-0.06
66,36,0.65,0.73,0.08
66,37,0.79,0.78,-0.01
66,38,0.65,0.74,0.09
66,39,0.83,0.84,0.01
66,40,0.71,0.69,-0.02
66,41,0.39,0.77,0.38
66,42,0.77,0.79,0.02
66,43,0.7,0.77,0.07
66,44,0.35,0.43,0.08
66,45,0.41,0.59,0.18
66,46,0.49,0.6,0.11
66,47,0.64,0.7,0.06
66,48,0.89,0.88,-0.01
66,49,0.62,0.8,0.18
66,50,0.42,0.54,0.12
66,51,0.68,0.63,-0.05
66,52,0.46,0.62,0.16
66,53,0.93,0.95,0.02
66,54,0.77,0.82,0.05
66,55,0.28,0.41,0.13
66,56,0.84,0.86,0.02
66,57,0.74,0.75,0.01
66,58,0.84,0.85,0.01
66,59,0.63,0.71,0.08
66,60,0.77,0.88,0.11
66,61,0.57,0.72,0.15
66,62,0.67,0.79,0.12
66,63,0.51,0.68,0.17
66,64,0.55,0.54,-0.01
66,65,0.51,0.66,0.15
66,66,0.65,0.78,0.13
66,67,0.4,0.62,0.22
66,68,0.85,0.93,0.08
66,69,0.72,0.79,0.07
66,70,0.62,0.71,0.09
66,71,0.74,0.87,0.13
66,72,0.44,0.53,0.09
66,73,0.49,0.57,0.08
66,74,0.46,0.58,0.12
66,75,0.81,0.87,0.06
66,76,0.84,0.89,0.05
66,77,0.71,0.76,0.05
66,78,0.57,0.62,0.05
66,79,0.81,0.88,0.07
66,80,0.47,0.57,0.1
66,81,0.86,0.81,-0.05
66,82,0.91,0.91,0.0
66,83,0.48,0.51,0.03
66,84,0.53,0.62,0.09
66,85,0.79,0.87,0.08
66,86,0.6,0.71,0.11
66,87,0.85,0.8,-0.05
66,88,0.79,0.78,-0.01
66,89,0.92,0.93,0.01
66,90,0.7,0.83,0.13
66,91,0.56,0.72,0.16
66,92,0.74,0.58,-0.16
66,93,0.46,0.57,0.11
66,94,0.88,0.93,0.05
66,95,0.66,0.74,0.08
66,96,0.43,0.57,0.14
66,97,0.66,0.75,0.09
66,98,0.41,0.38,-0.03
66,99,0.68,0.77,0.09
77,0,0.91,0.91,0.0
77,1,0.86,0.86,0.0
77,2,0.81,0.78,-0.03
77,3,0.56,0.55,-0.01
77,4,0.61,0.61,0.0
77,5,0.81,0.85,0.04
77,6,0.72,0.76,0.04
77,7,0.75,0.76,0.01
77,8,0.9,0.89,-0.01
77,9,0.82,0.8,-0.02
77,10,0.56,0.51,-0.05
77,11,0.4,0.44,0.04
77,12,0.81,0.85,0.04
77,13,0.61,0.63,0.02
77,14,0.78,0.76,-0.02
77,15,0.7,0.8,0.1
77,16,0.81,0.82,0.01
77,17,0.82,0.86,0.04
77,18,0.69,0.69,0.0
77,19,0.72,0.69,-0.03
77,20,0.82,0.83,0.01
77,21,0.79,0.8,0.01
77,22,0.7,0.73,0.03
77,23,0.8,0.78,-0.02
77,24,0.83,0.83,0.0
77,25,0.59,0.62,0.03
77,26,0.67,0.67,0.0
77,27,0.47,0.52,0.05
77,28,0.77,0.79,0.02
77,29,0.67,0.68,0.01
77,30,0.7,0.63,-0.07
77,31,0.68,0.76,0.08
77,32,0.63,0.6,-0.03
77,33,0.6,0.62,0.02
77,34,0.63,0.68,0.05
77,35,0.49,0.42,-0.07
77,36,0.72,0.73,0.01
77,37,0.82,0.78,-0.04
77,38,0.77,0.74,-0.03
77,39,0.88,0.84,-0.04
77,40,0.63,0.69,0.06
77,41,0.71,0.77,0.06
77,42,0.73,0.79,0.06
77,43,0.78,0.77,-0.01
77,44,0.4,0.43,0.03
77,45,0.71,0.59,-0.12
77,46,0.62,0.6,-0.02
77,47,0.69,0.7,0.01
77,48,0.9,0.88,-0.02
77,49,0.82,0.8,-0.02
77,50,0.52,0.54,0.02
77,51,0.65,0.63,-0.02
77,52,0.67,0.62,-0.05
77,53,0.95,0.95,0.0
77,54,0.8,0.82,0.02
77,55,0.43,0.41,-0.02
77,56,0.87,0.86,-0.01
77,57,0.76,0.75,-0.01
77,58,0.8,0.85,0.05
77,59,0.68,0.71,0.03
77,60,0.83,0.88,0.05
77,61,0.66,0.72,0.06
77,62,0.87,0.79,-0.08
77,63,0.68,0.68,0.0
77,64,0.57,0.54,-0.03
77,65,0.62,0.66,0.04
77,66,0.77,0.78,0.01
77,67,0.6,0.62,0.02
77,68,0.93,0.93,0.0
77,69,0.77,0.79,0.02
77,70,0.75,0.71,-0.04
77,71,0.83,0.87,0.04
77,72,0.48,0.53,0.05
77,73,0.59,0.57,-0.02
77,74,0.59,0.58,-0.01
77,75,0.85,0.87,0.02
77,76,0.86,0.89,0.03
77,77,0.74,0.76,0.02
77,78,0.6,0.62,0.02
77,79,0.85,0.88,0.03
77,80,0.55,0.57,0.02
77,81,0.81,0.81,0.0
77,82,0.93,0.91,-0.02
77,83,0.46,0.51,0.05
77,84,0.65,0.62,-0.03
77,85,0.87,0.87,0.0
77,86,0.69,0.71,0.02
77,87,0.82,0.8,-0.02
77,88,0.73,0.78,0.05
77,89,0.94,0.93,-0.01
77,90,0.81,0.83,0.02
77,91,0.79,0.72,-0.07
77,92,0.64,0.58,-0.06
77,93,0.55,0.57,0.02
77,94,0.93,0.93,0.0
77,95,0.7,0.74,0.04
77,96,0.58,0.57,-0.01
77,97,0.71,0.75,0.04
77,98,0.39,0.38,-0.01
77,99,0.76,0.77,0.01
88,0,0.92,0.91,-0.01
88,1,0.87,0.86,-0.01
88,2,0.77,0.78,0.01
88,3,0.53,0.55,0.02
88,4,0.74,0.61,-0.13
88,5,0.79,0.85,0.06
88,6,0.69,0.76,0.07
88,7,0.7,0.76,0.06
88,8,0.85,0.89,0.04
88,9,0.81,0.8,-0.01
88,10,0.4,0.51,0.11
88,11,0.34,0.44,0.1
88,12,0.75,0.85,0.1
88,13,0.61,0.63,0.02
88,14,0.7,0.76,0.06
88,15,0.67,0.8,0.13
88,16,0.78,0.82,0.04
88,17,0.8,0.86,0.06
88,18,0.67,0.69,0.02
88,19,0.68,0.69,0.01
88,20,0.78,0.83,0.05
88,21,0.83,0.8,-0.03
88,22,0.63,0.73,0.1
88,23,0.84,0.78,-0.06
88,24,0.81,0.83,0.02
88,25,0.66,0.62,-0.04
88,26,0.63,0.67,0.04
88,27,0.58,0.52,-0.06
88,28,0.78,0.79,0.01
88,29,0.62,0.68,0.06
88,30,0.65,0.63,-0.02
88,31,0.72,0.76,0.04
88,32,0.68,0.6,-0.08
88,33,0.57,0.62,0.05
88,34,0.61,0.68,0.07
88,35,0.48,0.42,-0.06
88,36,0.68,0.73,0.05
88,37,0.76,0.78,0.02
88,38,0.66,0.74,0.08
88,39,0.85,0.84,-0.01
88,40,0.64,0.69,0.05
88,41,0.8,0.77,-0.03
88,42,0.69,0.79,0.1
88,43,0.73,0.77,0.04
88,44,0.48,0.43,-0.05
88,45,0.65,0.59,-0.06
88,46,0.69,0.6,-0.09
88,47,0.63,0.7,0.07
88,48,0.83,0.88,0.05
88,49,0.82,0.8,-0.02
88,50,0.61,0.54,-0.07
88,51,0.6,0.63,0.03
88,52,0.73,0.62,-0.11
88,53,0.94,0.95,0.01
88,54,0.84,0.82,-0.02
88,55,0.42,0.41,-0.01
88,56,0.91,0.86,-0.05
88,57,0.75,0.75,0.0
88,58,0.81,0.85,0.04
88,59,0.72,0.71,-0.01
88,60,0.81,0.88,0.07
88,61,0.68,0.72,0.04
88,62,0.77,0.79,0.02
88,63,0.61,0.68,0.07
88,64,0.54,0.54,0.0
88,65,0.66,0.66,0.0
88,66,0.79,0.78,-0.01
88,67,0.68,0.62,-0.06
88,68,0.9,0.93,0.03
88,69,0.78,0.79,0.01
88,70,0.71,0.71,0.0
88,71,0.81,0.87,0.06
88,72,0.39,0.53,0.14
88,73,0.58,0.57,-0.01
88,74,0.52,0.58,0.06
88,75,0.83,0.87,0.04
88,76,0.86,0.89,0.03
88,77,0.72,0.76,0.04
88,78,0.52,0.62,0.1
88,79,0.86,0.88,0.02
88,80,0.53,0.57,0.04
88,81,0.73,0.81,0.08
88,82,0.92,0.91,-0.01
88,83,0.52,0.51,-0.01
88,84,0.66,0.62,-0.04
88,85,0.86,0.87,0.01
88,86,0.66,0.71,0.05
88,87,0.8,0.8,0.0
88,88,0.76,0.78,0.02
88,89,0.88,0.93,0.05
88,90,0.77,0.83,0.06
88,91,0.79,0.72,-0.07
88,92,0.6,0.58,-0.02
88,93,0.52,0.57,0.05
88,94,0.94,0.93,-0.01
88,95,0.72,0.74,0.02
88,96,0.56,0.57,0.01
88,97,0.72,0.75,0.03
88,98,0.28,0.38,0.1
88,99,0.78,0.77,-0.01
99,0,0.91,0.91,0.0
99,1,0.66,0.86,0.2
99,2,0.51,0.78,0.27
99,3,0.46,0.55,0.09
99,4,0.09,0.61,0.52
99,5,0.46,0.85,0.39
99,6,0.26,0.76,0.5
99,7,0.41,0.76,0.35
99,8,0.57,0.89,0.32
99,9,0.45,0.8,0.35
99,10,0.35,0.51,0.16
99,11,0.2,0.44,0.24
99,12,0.34,0.85,0.51
99,13,0.21,0.63,0.42
99,14,0.31,0.76,0.45
99,15,0.11,0.8,0.69
99,16,0.38,0.82,0.44
99,17,0.39,0.86,0.47
99,18,0.36,0.69,0.33
99,19,0.35,0.69,0.34
99,20,0.68,0.83,0.15
99,21,0.33,0.8,0.47
99,22,0.38,0.73,0.35
99,23,0.75,0.78,0.03
99,24,0.71,0.83,0.12
99,25,0.44,0.62,0.18
99,26,0.27,0.67,0.4
99,27,0.23,0.52,0.29
99,28,0.5,0.79,0.29
99,29,0.36,0.68,0.32
99,30,0.33,0.63,0.3
99,31,0.62,0.76,0.14
99,32,0.37,0.6,0.23
99,33,0.4,0.62,0.22
99,34,0.22,0.68,0.46
99,35,0.18,0.42,0.24
99,36,0.6,0.73,0.13
99,37,0.51,0.78,0.27
99,38,0.21,0.74,0.53
99,39,0.67,0.84,0.17
99,40,0.46,0.69,0.23
99,41,0.37,0.77,0.4
99,42,0.12,0.79,0.67
99,43,0.24,0.77,0.53
99,44,0.15,0.43,0.28
99,45,0.11,0.59,0.48
99,46,0.19,0.6,0.41
99,47,0.29,0.7,0.41
99,48,0.4,0.88,0.48
99,49,0.35,0.8,0.45
99,50,0.32,0.54,0.22
99,51,0.37,0.63,0.26
99,52,0.18,0.62,0.44
99,53,0.76,0.95,0.19
99,54,0.62,0.82,0.2
99,55,0.28,0.41,0.13
99,56,0.63,0.86,0.23
99,57,0.79,0.75,-0.04
99,58,0.6,0.85,0.25
99,59,0.31,0.71,0.4
99,60,0.88,0.88,0.0
99,61,0.27,0.72,0.45
99,62,0.73,0.79,0.06
99,63,0.27,0.68,0.41
99,64,0.16,0.54,0.38
99,65,0.45,0.66,0.21
99,66,0.59,0.78,0.19
99,67,0.57,0.62,0.05
99,68,0.37,0.93,0.56
99,69,0.61,0.79,0.18
99,70,0.1,0.71,0.61
99,71,0.78,0.87,0.09
99,72,0.36,0.53,0.17
99,73,0.46,0.57,0.11
99,74,0.5,0.58,0.08
99,75,0.75,0.87,0.12
99,76,0.72,0.89,0.17
99,77,0.35,0.76,0.41
99,78,0.28,0.62,0.34
99,79,0.67,0.88,0.21
99,80,0.08,0.57,0.49
99,81,0.31,0.81,0.5
99,82,0.62,0.91,0.29
99,83,0.22,0.51,0.29
99,84,0.23,0.62,0.39
99,85,0.59,0.87,0.28
99,86,0.37,0.71,0.34
99,87,0.59,0.8,0.21
99,88,0.11,0.78,0.67
99,89,0.25,0.93,0.68
99,90,0.45,0.83,0.38
99,91,0.63,0.72,0.09
99,92,0.24,0.58,0.34
99,93,0.22,0.57,0.35
99,94,0.78,0.93,0.15
99,95,0.59,0.74,0.15
99,96,0.65,0.57,-0.08
99,97,0.37,0.75,0.38
99,98,0.16,0.38,0.22
99,99,0.6,0.77,0.17
110,0,0.93,0.91,-0.02
110,1,0.84,0.86,0.02
110,2,0.81,0.78,-0.03
110,3,0.64,0.55,-0.09
110,4,0.55,0.61,0.06
110,5,0.83,0.85,0.02
110,6,0.71,0.76,0.05
110,7,0.72,0.76,0.04
110,8,0.87,0.89,0.02
110,9,0.83,0.8,-0.03
110,10,0.47,0.51,0.04
110,11,0.36,0.44,0.08
110,12,0.82,0.85,0.03
110,13,0.59,0.63,0.04
110,14,0.7,0.76,0.06
110,15,0.69,0.8,0.11
110,16,0.78,0.82,0.04
110,17,0.88,0.86,-0.02
110,18,0.7,0.69,-0.01
110,19,0.64,0.69,0.05
110,20,0.79,0.83,0.04
110,21,0.75,0.8,0.05
110,22,0.68,0.73,0.05
110,23,0.75,0.78,0.03
110,24,0.89,0.83,-0.06
110,25,0.54,0.62,0.08
110,26,0.64,0.67,0.03
110,27,0.41,0.52,0.11
110,28,0.78,0.79,0.01
110,29,0.66,0.68,0.02
110,30,0.57,0.63,0.06
110,31,0.77,0.76,-0.01
110,32,0.59,0.6,0.01
110,33,0.63,0.62,-0.01
110,34,0.66,0.68,0.02
110,35,0.44,0.42,-0.02
110,36,0.7,0.73,0.03
110,37,0.73,0.78,0.05
110,38,0.69,0.74,0.05
110,39,0.81,0.84,0.03
110,40,0.7,0.69,-0.01
110,41,0.78,0.77,-0.01
110,42,0.72,0.79,0.07
110,43,0.74,0.77,0.03
110,44,0.38,0.43,0.05
110,45,0.6,0.59,-0.01
110,46,0.61,0.6,-0.01
110,47,0.73,0.7,-0.03
110,48,0.89,0.88,-0.01
110,49,0.83,0.8,-0.03
110,50,0.56,0.54,-0.02
110,51,0.64,0.63,-0.01
110,52,0.61,0.62,0.01
110,53,0.91,0.95,0.04
110,54,0.84,0.82,-0.02
110,55,0.45,0.41,-0.04
110,56,0.86,0.86,0.0
110,57,0.72,0.75,0.03
110,58,0.86,0.85,-0.01
110,59,0.67,0.71,0.04
110,60,0.85,0.88,0.03
110,61,0.69,0.72,0.03
110,62,0.85,0.79,-0.06
110,63,0.67,0.68,0.01
110,64,0.52,0.54,0.02
110,65,0.66,0.66,0.0
110,66,0.81,0.78,-0.03
110,67,0.59,0.62,0.03
110,68,0.91,0.93,0.02
110,69,0.77,0.79,0.02
110,70,0.7,0.71,0.01
110,71,0.87,0.87,0.0
110,72,0.49,0.53,0.04
110,73,0.65,0.57,-0.08
110,74,0.52,0.58,0.06
110,75,0.83,0.87,0.04
110,76,0.91,0.89,-0.02
110,77,0.65,0.76,0.11
110,78,0.56,0.62,0.06
110,79,0.86,0.88,0.02
110,80,0.47,0.57,0.1
110,81,0.85,0.81,-0.04
110,82,0.9,0.91,0.01
110,83,0.49,0.51,0.02
110,84,0.61,0.62,0.01
110,85,0.83,0.87,0.04
110,86,0.67,0.71,0.04
110,87,0.82,0.8,-0.02
110,88,0.77,0.78,0.01
110,89,0.9,0.93,0.03
110,90,0.8,0.83,0.03
110,91,0.72,0.72,0.0
110,92,0.49,0.58,0.09
110,93,0.55,0.57,0.02
110,94,0.94,0.93,-0.01
110,95,0.67,0.74,0.07
110,96,0.54,0.57,0.03
110,97,0.7,0.75,0.05
110,98,0.32,0.38,0.06
110,99,0.79,0.77,-0.02
